proposed_url,page_family,parent,primary_keyword,secondary_cluster,search_intent,target_entity,board,year,user_task,unique_value,primary_source_required,source_availability,freshness_class,schema_candidate,indexation,priority,cannibalization_risk,evidence_status,notes
/,homepage,-,12thclassresult.com.pk,site brand navigational,Navigational,Site,-,-,"Route to the right board or guide","Honest national status summary; states what is NOT announced",No,n/a,B,"WebPage, Organization, WebSite",index,Tier 0,"Low - must NOT own the head term",BUILT,"Already built. Primary keyword is the brand; enforced by a validation test."
/results/12th-class,result-hub,/,12th class result,"2nd year result; hssc part 2 result; inter part 2 result; intermediate part 2; 12 class result",Informational + transactional,HSSC Part-II,-,evergreen,"Understand the task and reach the right board","THE canonical owner of the head intent; terminology explainer; national board table",Yes,Verified for 10 boards,B,"WebPage, BreadcrumbList",index,Tier 0,"Low - single canonical owner",BUILT,"Durable asset. Competitors' year-stamped URLs 404 while yearless ones resolve."
/boards,board-directory,/,education boards pakistan 12th class result,bise board list,Navigational,Board,-,-,"Find my board and its official portal","All 26 public + 2 private boards, honestly labelled by verification status",Yes,Verified,C,"WebPage, ItemList",index,Tier 0,Low,BUILT,"Already built with 10 boards; expand to national."
/results/12th-class/2026,result-year,/results/12th-class,12th class result 2026,"2nd year result 2026; hssc part 2 result 2026",Transactional / status,HSSC Part-II 2026,-,2026,"Check whether my result is out","Board-by-board status incl. the boards that HAVE declared",Yes,Verified,A,"WebPage, BreadcrumbList",index,Tier 1,"Medium vs evergreen hub - must own the year term only",PLANNED,"Currently registered as planned. Section covers date + announcement time + when."
/results/lahore-board/12th-class/2026,result-board,/results/12th-class/2026,lahore board 12th class result 2026,lahore board 2nd year result,Transactional,BISE Lahore,lahore-board,2026,"Check Lahore board result","Portal verified; CAPTCHA confirmed; multi-site caution",Yes,Verified,A,"WebPage, BreadcrumbList",index after review,Tier 1,Medium,PLANNED,"CAPTCHA confirmed - outbound link only."
/results/gujranwala-board/12th-class/2026,result-board,/results/12th-class/2026,gujranwala board 12th class result 2026,gujranwala board 2nd year result,Transactional,BISE Gujranwala,gujranwala-board,2026,"Check Gujranwala board result","JS checker + static fallback form; gazette to 2025; best rulebook in Punjab",Yes,Verified,A,"WebPage, BreadcrumbList",index after review,Tier 1,Medium,PLANNED,"Only Punjab board publishing full statutory regulations."
/results/multan-board/12th-class/2026,result-board,/results/12th-class/2026,multan board 12th class result 2026,multan board 2nd year result,Transactional,BISE Multan,multan-board,2026,"Check Multan board result","reCAPTCHA confirmed; old /results-12/ path now redirects",Yes,Verified,A,"WebPage, BreadcrumbList",index after review,Tier 1,Medium,PLANNED,"Registry correction pending: hasCaptcha null -> true."
/results/rawalpindi-board/12th-class/2026,result-board,/results/12th-class/2026,rawalpindi board 12th class result 2026,rawalpindi board 2nd year result,Transactional,BISE Rawalpindi,rawalpindi-board,2026,"Check Rawalpindi board result","Name search exists (privacy note); best rechecking documentation in Punjab",Yes,Verified,A,"WebPage, BreadcrumbList",index after review,Tier 1,Medium,PLANNED,"Registry correction pending: supportsName null -> true."
/results/sargodha-board/12th-class/2026,result-board,/results/12th-class/2026,sargodha board 12th class result 2026,sargodha board 2nd year result,Transactional,BISE Sargodha,sargodha-board,2026,"Check Sargodha board result","B-Form required - warn before the reader leaves",Yes,Verified,A,"WebPage, BreadcrumbList",index after review,Tier 1,Medium,PLANNED,"Best official-API candidate technically."
/results/bahawalpur-board/12th-class/2026,result-board,/results/12th-class/2026,bahawalpur board 12th class result 2026,bahawalpur board 2nd year result,Transactional,BISE Bahawalpur,bahawalpur-board,2026,"Check Bahawalpur board result","Separate routes per session; B-Form/CNIC; CAPTCHA; www cert mismatch",Yes,Verified,A,"WebPage, BreadcrumbList",index after review,Tier 1,Medium,PLANNED,"Highest outage risk nationally - documented >1hr failure."
/results/sahiwal-board/12th-class/2026,result-board,/results/12th-class/2026,sahiwal board 12th class result 2026,sahiwal board 2nd year result,Transactional,BISE Sahiwal,sahiwal-board,2026,"Check Sahiwal board result","Cleanest portal; gazette page is a statistics sheet, not a candidate gazette",Yes,Verified,A,"WebPage, BreadcrumbList",index after review,Tier 1,Medium,PLANNED,"Only direct-integration candidate, permission-conditional."
/results/dg-khan-board/12th-class/2026,result-board,/results/12th-class/2026,dg khan board 12th class result 2026,dera ghazi khan board result,Transactional,BISE DG Khan,dg-khan-board,2026,"Check DG Khan board result","Per-session link directory; no 2026 link existed at check time",Yes,Conflicting,A,"WebPage, BreadcrumbList",index after review,Tier 2,Medium,PLANNED,"SLUG SAFETY: never abbreviate D.I. Khan near this slug."
/results/faisalabad-board/12th-class/2026,result-board,/results/12th-class/2026,faisalabad board 12th class result 2026,faisalabad board 2nd year result,Transactional,BISE Faisalabad,faisalabad-board,2026,"Check Faisalabad board result","Route unconfirmed - site WAF-blocks automated checks",Yes,BLOCKED,A,"WebPage, BreadcrumbList",noindex until verified,Tier 3,Low,BLOCKED,"Needs a human with a browser before any page ships."
/results/federal-board/12th-class/2026,result-board,/results/12th-class/2026,fbise 12th class result 2026,federal board hssc part 2 result,Transactional,FBISE,federal-board,2026,"Check Federal board result","Portal location proven by redirect; content unreachable. Jurisdiction includes Gilgit-Baltistan",Yes,BLOCKED,A,"WebPage, BreadcrumbList",noindex until verified,Tier 3,Low,BLOCKED,"GB readers route here - a routing rule, not a GB page."
/results/karachi-board/12th-class/2026,result-board-groupwise,/results/12th-class/2026,karachi board 12th class result 2026,"inter board karachi result; biek result",Transactional,BIEK,karachi-board,2026,"Find my group's result gazette","THE group-staggered model: 7 separate declarations 31 Jul - 27 Aug; Commerce still undeclared",Yes,Verified,A,"WebPage, BreadcrumbList",index after review,Tier 1,"Low - genuinely different event model",PLANNED,"No roll-number lookup exists. Gazette IS the route. Highest-differentiation board page."
/results/hyderabad-board/12th-class/2026,result-board-groupwise,/results/12th-class/2026,hyderabad board 12th class result 2026,biseh hsc part 2 result,Transactional,BISE Hyderabad,hyderabad-board,2026,"Find my group's result file","Per-group publication with NO dates printed by the board",Yes,Verified,A,"WebPage, BreadcrumbList",index after review,Tier 2,Low,PLANNED,"Correct domain is biseh.edu.pk; the federally-listed domain has an expired certificate."
/results/quetta-board/12th-class/2026,result-board,/results/12th-class/2026,quetta board 12th class result 2026,bbise hssc result,Transactional / status,BBISE,quetta-board,2026,"Check Balochistan result","THE ONLY board verified as having DECLARED its HSSC 2026 result, with gazettes",Yes,Verified,A,"WebPage, BreadcrumbList",index after review,Tier 1,Low,PLANNED,"Result announced 20 Jul 2026; Part-I and Part-II gazettes on own domain."
/results/mirpur-board/12th-class/2026,result-board,/results/12th-class/2026,ajk board 12th class result 2026,ajk bise hssc part 2 result,Transactional,AJK BISE,mirpur-board,2026,"Check AJK result","Gazette is the verified route; online form is blocked",Yes,Partial,A,"WebPage, BreadcrumbList",index after review,Tier 2,Low,PLANNED,"NEVER link hsscresult.ajkbise.net - it is a hosting default page."
/results/<kpk-board>/12th-class/2026,result-board,/results/12th-class/2026,<board> 12th class result 2026,<board> 2nd year result,Transactional,KPK boards,"abbottabad|swat|dera-ismail-khan|malakand|bannu|mardan|peshawar|kohat",2026,"Check KPK board result","Abbottabad/Swat/D.I. Khan have the deepest selectors; Bannu has a confirmed CAPTCHA",Yes,"Verified (7 of 8); Kohat BLOCKED",A,"WebPage, BreadcrumbList",index after review,Tier 2,Medium,PLANNED,"Pattern row for 8 boards. Peshawar/Mardan expose one session at a time - deep links rot."
/results/<sindh-board>/12th-class/2026,result-board,/results/12th-class/2026,<board> 12th class result 2026,<board> hsc part 2 result,Transactional,Sindh boards,"larkana|sukkur|mirpurkhas|shaheed-benazirabad",2026,"Check interior Sindh result","Larkana fully chained; three others have weak or no verified route",Yes,"Partial; Sukkur and SBA UNVERIFIED",A,"WebPage, BreadcrumbList",noindex until verified,Tier 3,Medium,PLANNED,"Sukkur has NO result route on its official domain; SBA's site returns 503."
/gazettes/12th-class,gazette-hub,/results/12th-class,12th class gazette,"hssc gazette pdf; 2nd year gazette",Direct lookup via document,Gazette,-,-,"Find the right gazette file and search it","Board x session x year matrix - current-year queries return mostly 9th/10th/11th today",Yes,Verified,B,"WebPage, BreadcrumbList",index,Tier 1,Low,PROPOSED,"For gazette-only boards this is the ONLY official route, not a fallback."
/gazettes/12th-class/archive,gazette-archive,/gazettes/12th-class,old 12th class gazette,previous year hssc gazette,Archival,Gazette,-,historical,"Find a past-year gazette","The one gazette surface where board domains themselves rank",Yes,Verified,D,"WebPage, BreadcrumbList",index,Tier 2,Low,PROPOSED,"Hosting any file requires a rights and provenance review first."
/gazettes/12th-class/<board>,gazette-board,/gazettes/12th-class,<board> 12th class gazette,<board> hssc gazette,Direct lookup via document,Gazette,various,-,"Find this board's gazette","Only where that board genuinely publishes a Part-II gazette",Yes,"Verified for 8 boards",B,"WebPage, DigitalDocument",index,Tier 2,Medium,PROPOSED,"Verified: Gujranwala, Multan (historical), Sahiwal (stats), Quetta, AJK, BIEK, Hyderabad, ZUEB. NO KPK board publishes one."
/guides/rechecking,guide,/results/12th-class,12th class rechecking,"hssc rechecking; re-evaluation; re-totalling",Post-result dispute,Rechecking,-,-,"Decide whether to apply and know what it does","FIRST sourced per-board rechecking reference in Pakistan; explains re-marking is NOT done",Yes,"VERIFIED - primary documents",B,"WebPage, BreadcrumbList",index,Tier 1,Low,PROPOSED,"HIGHEST-VALUE GAP. Every engine returns Indian content. We hold board-published fees and statutory rules."
/guides/rechecking/<board>,guide-board,/guides/rechecking,<board> rechecking fee,<board> re-totalling,Post-result dispute,Rechecking,various,-,"Know this board's fee, window and portal","Per-board fee, deadline, portal, refund rule - each with a source and a checked date",Yes,"Verified for 3 boards",B,"WebPage, BreadcrumbList",index,Tier 2,Medium,PROPOSED,"Only where real board figures exist. Show fee conflicts rather than resolving them silently."
/guides/second-annual,guide,/results/12th-class,second annual exam 12th class,"supplementary exam hssc; 2nd annual result",Post-result retry,Second Annual,-,-,"Understand eligibility, fees and timing","Owns BOTH vocabularies; compartment rules from statutory text",Yes,"VERIFIED - statutory",B,"WebPage, BreadcrumbList",index,Tier 1,"Medium vs improvement - must cross-link",PROPOSED,"Second annual and supplementary are the SAME exam. No Part-I supplementary session exists."
/guides/improvement,guide,/guides/second-annual,improvement of marks 12th class,hssc improvement exam,Post-result retry,Improvement,-,-,"Decide whether improving is worth it","Better-of-two rule; no grace marks or scholarships; must precede any higher exam",Yes,"VERIFIED with a supersession caveat",B,"WebPage, BreadcrumbList",index,Tier 2,"Medium vs second annual",PROPOSED,"CAUTION: the one-chance-within-one-year rule may be superseded by an amending policy we could not read."
/guides/lost-roll-number,guide,/results/12th-class,result without roll number,"forgot roll number; lost roll number slip",Troubleshooting,Roll Number,-,-,"Recover my roll number","WEAKEST surface in the market - only video and Q&A content exists",Yes,n/a,C,"WebPage, BreadcrumbList",index,Tier 1,"Low - must NOT be framed as name lookup",PROPOSED,"Frame strictly as recovery. Name lookup is not offered by most boards."
/guides/result-card-dmc,guide,/results/12th-class,12th class dmc,"result card; duplicate dmc",Post-result document,DMC,-,-,"Get, replace or correct my result document","Near-zero legitimate coverage; hazard-aware",Yes,Partial,C,"WebPage, BreadcrumbList",index,Tier 2,Low,PROPOSED,"HAZARD: this surface contains result-card generators and students' scanned documents. We publish guidance only."
/guides/how-percentage-is-calculated,guide,/results/12th-class,12th class percentage calculation,"marks out of 1100; hssc percentage",Computation,Percentage,-,-,"Turn my marks into a percentage","The market currently answers this with a FOREIGN formula that is wrong for Pakistan",Yes,n/a,D,"WebPage, BreadcrumbList",index,Tier 1,"Low vs the calculator - explainer vs tool",PROPOSED,"HSSC marks are out of 1100. The ranking advice applies another country's CGPA formula."
/tools/percentage-calculator,tool,/guides/how-percentage-is-calculated,hssc percentage calculator,12th class marks calculator,Computation,Percentage,-,-,"Calculate my percentage","A tool that actually performs the task, correct for Pakistan",No,n/a,D,"WebApplication",index,Tier 1,Low,PROPOSED,"Must genuinely calculate. No aggregate formula hard-coded without source and cycle metadata."
/guides/after-12th-admissions,guide,/results/12th-class,university admission after 12th,merit list after intermediate,Transition,Admission,-,-,"Know what happens next","Tethered to result, DMC and aggregate - not a careers blog",Yes,Partial,C,"WebPage, BreadcrumbList",index,Tier 3,Medium,CONDITIONAL,"Boundary rule binds. Low-authority incumbents; the higher-education regulator does not rank."
/results/12th-class/fsc,group-page,/results/12th-class,fsc part 2 result,fsc result pakistan,Group-specific,FSc,-,-,"Check result and understand my group","ONLY ships with real group content: subjects, marks distribution, grading, pathways",Yes,Verified,B,"WebPage, BreadcrumbList",index if differentiated,Tier 3,"HIGH - identical lookup and date in Punjab",CONDITIONAL,"Zero URL overlap with the generic term, but Punjab boards have no group field. Cleanest group term."
/results/12th-class/ics,group-page,/results/12th-class,ics part 2 result,ics result 2nd year,Group-specific,ICS,-,-,"Check result and understand my group","Same condition as FSc",Yes,Verified,B,"WebPage, BreadcrumbList",index if differentiated,Tier 4,HIGH,CONDITIONAL,"NEVER target the bare 'ICS result' - adding a year makes ambiguity worse."
/results/12th-class/fa,group-page,/results/12th-class,fa part 2 result,fa result intermediate,Group-specific,FA,-,-,"Check result and understand my group","Same condition as FSc",Yes,Verified,B,"WebPage, BreadcrumbList",index if differentiated,Tier 4,HIGH,CONDITIONAL,"NEVER target the bare 'FA result' - 0/10 Pakistani results."
/results/12th-class/icom,group-page,/results/12th-class,icom part 2 result,i.com result,Group-specific,ICom,-,-,"Check result and understand my group","Same condition as FSc",Yes,Verified,B,"WebPage, BreadcrumbList",index if differentiated,Tier 4,HIGH,CONDITIONAL,"Needs a Pakistan or year qualifier."
/updates,update-index,/,board notifications 12th class,hssc notification 2026,Status,Notification,-,-,"See what boards have officially announced","Source-gated: only board-published notifications, each linked",Yes,Verified,A,"WebPage",index,Tier 3,Low,CONDITIONAL,"Only if genuinely maintained. An empty or stale updates feed is worse than none."
/search,internal-search,-,-,-,Navigational,-,-,-,"Find a page","Site utility",No,n/a,D,none,NOINDEX,Tier 3,n/a,PROPOSED,"Never indexable. Already disallowed in robots."
"(none)",sms-method,-,12th class result by sms,<board> sms code,Method,SMS,-,-,"Check result by SMS","BLOCKED - zero shortcodes verified nationally",Yes,NONE,A,none,NOT BUILT,Rejected,n/a,BLOCKED,"Nine-plus circulating codes contradict each other. No board domain observed printing any."
"(none)",name-lookup,-,12th class result by name,result by student name,Method,Name,-,-,"Check result by name","REJECTED - most boards do not offer it",Yes,n/a,A,none,NOT BUILT,Rejected,n/a,REJECTED,"Where it exists it is an enumeration and privacy concern, not a feature to promote."
"(none)",position-holders,-,12th class position holders 2026,board toppers 2026,Status,Position Holders,-,2026,"See toppers","REJECTED - no official source",Yes,NONE,A,none,NOT BUILT,Rejected,n/a,REJECTED,"Publishing would mean copying an unverified competitor list."
"(none)",certificate-verification,-,ibcc certificate verification,hssc attestation equivalence,Document,Verification,-,-,"Verify or attest a certificate","REJECTED - the official body owns its own intent",Yes,n/a,C,none,NOT BUILT,Rejected,n/a,REJECTED,"Official body holds half its own first page plus its portals. Route to it instead."
"(none)",entry-test-calculator,-,mdcat aggregate calculator,ecat aggregate calculator,Transition,Entry Test,-,-,"Calculate an entry-test aggregate","REJECTED - crowded, settled formula, established tools",Yes,n/a,B,none,NOT BUILT,Rejected,n/a,REJECTED,"Weightings change by institution and cycle; maintaining them is a liability."
"(none)",personal-result-url,-,-,-,Direct lookup,Result Record,-,-,"View a specific candidate result","NEVER A URL",n/a,n/a,n/a,none,NEVER,n/a,n/a,PROHIBITED,"No /result/<roll-number> route, ever. POST-only, no-store, noindex, never in a sitemap."
